FECHA,positivos,nue_posi,muj_posi,hom_posi,extranj_posi,costar_posi,investig_posi,adul_posi,am_posi,menor_posi,eda_ignor_posi,edmin_posi,edmax_posi,promedio_posi,descartados,nue_descar,fallecidos,nue_falleci,muj_fall,hom_fall,emin_fall,emax_fall,promedio_fall,adul_fall,am_fall,menor_fall,hospital,nue_hospi,salon,nue_salon,UCI,nue_UCI,emin_UCI,emax_UC,promedio_UCI,RECUPERADOS,NUE_RECUP,MUJ_RECUP,HOM_RECUP,ADUL_RECUP,AM_RECUP,MENOR_RECUP,EDA_IGNO_RECUP,PROMEDIO_RECUP,EDMIN_RECUP,EDMAX_RECUP,Muestras,MUEST_NEW,DIA_COVID19,afec_posi,afec_recu,afec_fall,activos,nue_acti,muj_acti,hom_acti,adul_acti,am_acti,menor_acti,eda_igno_acti,edmin_acti,edmax_acti,promedio_acti,letalidad,por_recup,por_activ,transpor,HSJD_UCI,HSJD_SALON,CEACO_UCI,CEACO_SALON,HCG_UCI,HCG_SALON,HMEX_UCI,HMEX_SALON,HNN_UCI,HNN_SALON,HEB_UCI,HEB_SALON,HTF_UCI,HTF_SALON,HLA_UCI,HLA_SALON,HNPSI_UCI,HNPSI_SALON,HSRA_UCI,HSRA_SALON,,,,
06/03/2020,2,2,,,,,,,,,,,,,,,0,0,0,0,,,,,,,,,,,,,,,,0,0,,,,,,,,,,,,0,,,,2,,,,,,,,,,,0.00,0.00,100.00,,,,,,,,,,,,,,,,,,,,,,,,,
07/03/2020,7,5,,,,,,,,,,,,,,,0,0,0,0,,,,,,,,,,,,,,,,0,0,,,,,,,,,,,,1,,,,7,,,,,,,,,,,0.00,0.00,100.00,,,,,,,,,,,,,,,,,,,,,,,,,
08/03/2020,10,3,,,,,,,,,,,,,,,0,0,0,0,,,,,,,,,,,,,,,,0,0,,,,,,,,,,,,2,,,,10,,,,,,,,,,,0.00,0.00,100.00,,,,,,,,,,,,,,,,,,,,,,,,,
09/03/2020,12,2,,,,,,,,,,,,,,,0,0,0,0,,,,,,,,,,,,,,,,0,0,,,,,,,,,,,,3,,,,12,,,,,,,,,,,0.00,0.00,100.00,,,,,,,,,,,,,,,,,,,,,,,,,
10/03/2020,13,1,7,6,3,10,0,9,2,2,,,,,,,0,0,0,0,,,,,,,,,,,,,,,,0,0,,,,,,,,,,,,4,,,,13,,,,,,,,,,,0.00,0.00,100.00,,,,,,,,,,,,,,,,,,,,,,,,,
11/03/2020,22,9,14,8,3,19,0,18,2,2,,,,,118,,0,0,0,0,,,,,,,,,,,,,,,,0,0,,,,,,,,,,,,5,,,,22,,,,,,,,,,,0.00,0.00,100.00,,,,,,,,,,,,,,,,,,,,,,,,,
12/03/2020,23,1,14,9,3,20,0,19,2,2,,,,,206,88,0,0,0,0,,,,,,,,,,,,,,,,0,0,,,,,,,,,,,,6,,,,23,,,,,,,,,,,0.00,0.00,100.00,,,,,,,,,,,,,,,,,,,,,,,,,
13/03/2020,26,3,14,12,3,23,0,21,3,2,,,,,289,83,0,0,0,0,,,,,,,,,,,,,,,,0,0,,,,,,,,,,,,7,,,,26,,,,,,,,,,,0.00,0.00,100.00,,,,,,,,,,,,,,,,,,,,,,,,,
14/03/2020,27,1,15,12,4,23,0,22,3,2,,,,,415,126,0,0,0,0,,,,,,,,,,,,,,,,0,0,,,,,,,,,,,,8,,,,27,,,,,,,,,,,0.00,0.00,100.00,,,,,,,,,,,,,,,,,,,,,,,,,
15/03/2020,35,8,19,16,5,30,0,28,3,4,,,,,450,35,0,0,0,0,,,,,,,,,,,,,,,,0,0,,,,,,,,,,,,9,16,,,35,,,,,,,,,,,0.00,0.00,100.00,,,,,,,,,,,,,,,,,,,,,,,,,
16/03/2020,41,6,20,21,6,35,0,32,5,4,,,,,615,165,0,0,0,0,,,,,,,,,,,,,,,,0,0,,,,,,,,,,,,10,17,,,41,,,,,,,,,,,0.00,0.00,100.00,,,,,,,,,,,,,,,,,,,,,,,,,
17/03/2020,50,9,24,26,6,44,0,40,6,4,,,,,720,105,0,0,0,0,,,,,,,,,,,,,,,,0,0,,,,,,,,,,,,11,19,,,50,,,,,,,,,,,0.00,0.00,100.00,,,,,,,,,,,,,,,,,,,,,,,,,
18/03/2020,69,19,30,39,6,63,0,57,7,5,,,,,855,135,0,0,0,0,,,,,,,,,,,,,,,,0,0,,,,,,,,,,,,12,24,,,69,,,,,,,,,,,0.00,0.00,100.00,,,,,,,,,,,,,,,,,,,,,,,,,
19/03/2020,87,18,35,52,8,79,0,73,7,7,,,,,951,96,1,1,0,1,,,,,,,,,,,,,,,,0,0,,,,,,,,,,,,13,23,,,86,,,,,,,,,,,1.15,0.00,98.85,,,,,,,,,,,,,,,,,,,,,,,,,
20/03/2020,113,26,46,67,9,104,0,97,9,7,,,,,1046,95,2,1,0,2,,,,,,,,,,,,,,,,0,0,,,,,,,,,,,,14,26,,,111,,,,,,,,,,,1.77,0.00,98.23,,,,,,,,,,,,,,,,,,,,,,,,,
21/03/2020,117,4,48,69,10,107,0,100,10,7,,,,,1190,144,2,0,0,2,,,,,,,,,,,,,,,,2,2,,,,,,,,,,,,15,26,,,113,,,,,,,,,,,1.71,1.71,96.58,,,,,,,,,,,,,,,,,,,,,,,,,
22/03/2020,134,17,55,79,17,117,0,113,14,7,,,,,1400,210,2,0,0,2,,,,,,,,,,,,,,,,2,0,,,,,,,,,,,,16,28,,,130,,,,,,,,,,,1.49,1.49,97.01,,,,,,,,,,,,,,,,,,,,,,,,,
23/03/2020,158,24,68,90,17,141,0,135,16,7,,,,,1533,133,2,0,0,2,,,,,,,,,,,,,,,,2,0,,,,,,,,,,,,17,30,,,154,,,,,,,,,,,1.27,1.27,97.47,,,,,,,,,,,,,,,,,,,,,,,,,
24/03/2020,177,19,74,103,18,159,0,154,16,7,,,,,1679,146,2,0,0,2,,,,,,,,,,,,,,,,2,0,,,,,,,,,,,,18,33,,,173,,,,,,,,,,,1.13,1.13,97.74,,,,,,,,,,,,,,,,,,,,,,,,,
25/03/2020,201,24,84,117,18,183,0,177,17,7,,,,,1684,5,2,0,0,2,,,,,,,,,,,,,,,,2,0,,,,,,,,,,,,19,39,,,197,,,,,,,,,,,1.00,1.00,98.01,,,,,,,,,,,,,,,,,,,,,,,,,
26/03/2020,231,30,101,130,18,209,4,204,19,8,,,,,2331,647,2,0,0,2,,,,,,,,,,,,,,,,2,0,,,,,,,,,,,,20,43,,,227,,,,,,,,,,,0.87,0.87,98.27,,,,,,,,,,,,,,,,,,,,,,,,,
27/03/2020,263,32,121,142,20,241,2,233,22,8,,,,,2786,455,2,0,0,2,,,,,,,,,,,,,,,,3,1,,,,,,,,,,,,21,48,,,258,,,,,,,,,,,0.76,1.14,98.10,,,,,,,,,,,,,,,,,,,,,,,,,
28/03/2020,295,32,138,157,21,272,2,263,22,10,,,,,2912,126,2,0,0,2,,,,,,,,,,,,,,,,3,0,,,,,,,,,,,,22,50,,,290,,,,,,,,,,,0.68,1.02,98.31,,,,,,,,,,,,,,,,,,,,,,,,,
29/03/2020,314,19,150,164,24,290,0,280,22,12,,,,,3115,203,2,0,0,2,,,,,,,,,,,,,,,,3,0,,,,,,,,,,,,23,51,,,309,,,,,,,,,,,0.64,0.96,98.41,,,,,,,,,,,,,,,,,,,,,,,,,
30/03/2020,330,16,160,170,27,303,0,293,24,13,,,,,3362,247,2,0,0,2,,,,,,,,,,,,,,,,4,1,,,,,,,,,,,,24,52,,,324,,,,,,,,,,,0.61,1.21,98.18,,,,,,,,,,,,,,,,,,,,,,,,,
31/03/2020,347,17,167,180,27,320,0,309,24,14,,,,,3498,136,2,0,0,2,,,,,,,15,,7,,8,,,,,4,0,,,,,,,,,,,,25,52,,,341,,,,,,,,,,,0.58,1.15,98.27,,,,,,,,,,,,,,,,,,,,,,,,,
01/04/2020,375,28,181,194,29,346,0,337,24,14,,,,,3843,345,2,0,0,2,,,,,,,15,0,6,-1,9,1,36,69,,4,0,,,,,,,,,,,,26,53,,,369,,,,,,,,,,,0.53,1.07,98.40,,,,,,,,,,,,,,,,,,,,,,,,,
02/04/2020,396,21,192,204,30,366,0,356,26,14,,,,,3954,111,2,0,0,2,,,,,,,17,2,6,0,11,2,36,69,,6,2,,,,,,,,,,,,27,53,,,388,,,,,,,,,,,0.51,1.52,97.98,,,,,,,,,,,,,,,,,,,,,,,,,
03/04/2020,416,20,201,215,31,385,0,373,27,16,,,,,4044,90,2,0,0,2,,,,,,,23,6,10,4,13,2,24,69,,11,5,,,,,,,,,,,,28,54,,,403,,,,,,,,,,,0.48,2.64,96.88,,,,,,,,,,,,,,,,,,,,,,,,,
04/04/2020,435,19,212,223,31,404,0,392,28,15,,,,,4219,175,2,0,0,2,,,,,,,25,2,12,2,13,0,24,85,,13,2,,,,,,,,,,,,29,55,,,420,,,,,,,,,,,0.46,2.99,96.55,,,,,,,,,,,,,,,,,,,,,,,,,
05/04/2020,454,19,222,232,31,423,0,411,28,15,,,,,4644,425,2,0,0,2,,,,,,,26,1,12,0,14,1,35,85,,16,3,,,,,,,,,,,,30,55,,,436,,,,,,,,,,,0.44,3.52,96.04,,,,,,,,,,,,,,,,,,,,,,,,,
06/04/2020,467,13,227,240,32,435,0,422,29,16,,,,,4896,252,2,0,0,2,,,,,,,26,0,12,0,14,0,35,85,,18,2,,,,,,,,,,,,31,55,,,447,,,,,,,,,,,0.43,3.85,95.72,,,,,,,,,,,,,,,,,,,,,,,,,
07/04/2020,483,16,237,246,34,449,0,437,29,17,,,,,5042,146,2,0,0,2,,,,,,,25,-1,11,-1,14,0,35,85,,24,6,,,,,,,,,,,,32,56,,,457,,,,,,,,,,,0.41,4.97,94.62,,,,,,,,,,,,,,,,,,,,,,,,,
08/04/2020,502,19,243,259,34,468,0,455,29,18,,,,,5533,491,2,0,0,2,,,,,,,23,-2,8,-3,15,1,35,85,,29,5,,,,,,,,,,,,33,56,,,471,,,,,,,,,,,0.40,5.78,93.82,,,,,,,,,,,,,,,,,,,,,,,,,
09/04/2020,539,37,259,280,34,505,0,492,29,18,,,,,5759,226,3,1,0,3,,,,,,,19,-4,6,-2,13,-2,35,85,,30,1,,,,,,,,,,,,34,57,,,506,,,,,,,,,,,0.56,5.57,93.88,,,,,,,,,,,,,,,,,,,,,,,,,
10/04/2020,558,19,269,289,34,524,0,508,30,20,,,,,5894,135,3,0,0,3,,,,,,,20,1,7,1,13,0,35,85,,42,12,,,,,,,,,,,,35,58,,,513,,,,,,,,,,,0.54,7.53,91.94,,,,,,,,,,,,,,,,,,,,,,,,,
11/04/2020,577,19,277,300,36,541,0,526,31,20,,,,,6031,137,3,0,0,3,,,,,,,18,-2,5,-2,13,0,35,85,,49,7,,,,,,,,,,,,36,59,,,525,,,,,,,,,,,0.52,8.49,90.99,,,,,,,,,,,,,,,,,,,,,,,,,
12/04/2020,595,18,285,310,38,557,0,542,31,22,,,,,6167,136,3,0,0,3,,,,,,,19,1,5,0,14,1,35,85,,56,7,,,,,,,,,,,,37,59,,,536,,,,,,,,,,,0.50,9.41,90.08,,,,,,,,,,,,,,,,,,,,,,,,,
13/04/2020,612,17,295,317,43,569,0,557,31,24,,,,,6256,89,3,0,0,3,,,,,,,20,1,6,1,14,0,35,85,,62,6,,,,,,,,,,,,38,59,,,547,,,,,,,,,,,0.49,10.13,89.38,,,,,,,,,,,,,,,,,,,,,,,,,
14/04/2020,618,6,298,320,43,575,0,562,31,25,,,,,6326,70,3,0,0,3,,,,,,,19,-1,6,0,13,-1,35,85,,66,4,,,,,,,,,,,,39,59,,,549,,,,,,,,,,,0.49,10.68,88.83,,,,,,,,,,,,,,,,,,,,,,,,,
15/04/2020,626,8,302,324,43,583,0,570,31,25,,,,,6511,185,4,1,0,4,,,,,,,16,-3,5,-1,11,-2,35,75,,67,1,,,,,,,,,,9089,,40,59,,,555,,,,,,,,,,,0.64,10.70,88.66,,,,,,,,,,,,,,,,,,,,,,,,,
16/04/2020,642,16,308,334,51,591,0,583,31,28,,,,,6709,198,4,0,0,4,,,,,,,16,0,5,0,11,0,35,75,,74,7,,,,,,,,,,9396,307,41,59,,,564,,,,,,,,,,,0.62,11.53,87.85,,,,,,,,,,,,,,,,,,,,,,,,,
17/04/2020,649,7,312,337,54,595,0,588,31,30,,,,,6874,165,4,0,0,4,,,,,,,15,-1,5,0,10,-1,44,75,,88,14,,,,,,,,,,9752,356,42,59,,,557,,,,,,,,,,,0.62,13.56,85.82,,,,,,,,,,,,,,,,,,,,,,,,,
18/04/2020,655,6,314,341,55,600,0,594,31,30,,,,,7095,221,4,0,0,4,,,,,,,16,1,6,1,10,0,44,75,,97,9,46,51,85,6,6,,,,,10138,386,43,59,33,,554,,,,,,,,,,,0.61,14.81,84.58,,,,,,,,,,,,,,,,,,,,,,,,,
19/04/2020,660,5,317,343,56,604,0,596,32,32,,,,,7142,47,4,0,0,4,,,,,,,15,-1,5,-1,10,0,44,75,,112,15,54,58,96,8,8,,,,,10417,279,44,59,33,,544,,,,,,,,,,,0.61,16.97,82.42,,,,,,,,,,,,,,,,,,,,,,,,,
20/04/2020,662,2,317,345,56,606,0,598,32,32,,,,,7236,94,6,2,0,6,,,,,,,13,-2,5,0,8,-2,44,75,,124,12,58,66,107,9,8,,,,,10879,462,45,59,35,,532,,,,,,,,,,,0.91,18.73,80.36,,,,,,,,,,,,,,,,,,,,,,,,,
21/04/2020,669,7,320,349,58,611,0,602,33,34,,,,,7495,259,6,0,0,6,45,87,,,,,11,-2,5,0,6,-2,44,75,,150,26,76,74,135,6,9,,,,,11387,508,46,59,43,4,513,,,,,,,,,,,0.90,22.42,76.68,,,,,,,,,,,,,,,,,,,,,,,,,
22/04/2020,681,12,326,355,65,616,0,613,34,34,,,,,7784,289,6,0,0,6,45,87,,,,,11,0,3,-2,8,2,44,76,,180,30,92,88,155,13,12,,,,,11776,389,47,59,43,4,495,,,,,,,,,,,0.88,26.43,72.69,,,,,,,,,,,,,,,,,,,,,,,,,
23/04/2020,686,5,328,358,67,619,0,617,35,34,,,,,8032,248,6,0,0,6,45,87,,,,,13,2,5,2,8,0,44,76,,196,16,97,99,171,13,12,,,,,12073,297,48,59,44,4,484,,,,,,,,,,,0.87,28.57,70.55,,,,,,,,,,,,,,,,,,,,,,,,,
24/04/2020,687,1,328,359,67,620,0,618,35,34,,,,,8133,101,6,0,0,6,45,87,,,,,12,-1,5,0,7,-1,44,76,,216,20,103,113,190,13,13,,,,,12342,269,49,59,47,4,465,,,,,,,,,,,0.87,31.44,67.69,,,,,,,,,,,,,,,,,,,,,,,,,
25/04/2020,693,6,333,360,67,626,0,624,35,34,,,,,8214,81,6,0,0,6,45,87,,,,,13,1,6,1,7,0,44,76,,242,26,114,128,216,13,13,,,,,12467,125,50,59,48,4,445,,,,,,,,,,,0.87,34.92,64.21,,,,,,,,,,,,,,,,,,,,,,,,,
26/04/2020,695,2,334,361,67,628,0,625,36,34,,,,,8249,35,6,0,0,6,45,87,,,,,16,3,8,2,8,1,49,76,,264,22,126,136,237,14,13,,,,,12581,114,51,59,49,4,425,,,,,,,,,,,0.86,37.99,61.15,,,,,,,,,,,,,,,,,,,,,,,,,
27/04/2020,697,2,334,363,69,628,0,626,36,35,,,,,8305,56,6,0,0,6,45,87,,,,,16,0,8,0,8,0,49,76,,287,23,141,146,260,14,13,,,,,12670,89,52,59,50,4,404,,,,,,,,,,,0.86,41.18,57.96,,,,,,,,,,,,,,,,,,,,,,,,,
28/04/2020,705,8,336,369,69,636,0,632,38,35,,,,,8356,51,6,0,0,6,45,87,,,,,16,0,8,0,8,0,49,76,,306,19,146,160,278,15,13,,,,,12729,59,53,60,51,4,393,,,,,,,,,,,0.85,43.40,55.74,,,,,,,,,,,,,,,,,,,,,,,,,
29/04/2020,713,8,340,373,71,642,0,638,38,37,,,,,8585,229,6,0,0,6,45,87,,,,,16,0,8,0,8,0,44,75,,323,17,156,167,292,17,14,,,,,13117,388,54,60,52,4,384,,,,,,,,,,,0.84,45.30,53.86,,,,,,,,,,,,,,,,,,,,,,,,,
30/04/2020,719,6,341,378,72,647,0,643,38,38,,,,,8688,103,6,0,0,6,45,87,,,,,16,0,7,-1,9,1,57,75,,338,15,165,173,306,18,14,,,,,13240,123,55,61,52,4,375,,,,,,,,,,,0.83,47.01,52.16,,,,,,,,,,,,,,,,,,,,,,,,,
01/05/2020,725,6,346,379,74,651,0,649,38,38,,,,,8849,161,6,0,0,6,45,87,,,,,16,0,9,2,7,-2,57,75,,355,17,174,181,320,20,15,,,,,13529,289,56,62,52,4,364,,,,,,,,,,,0.83,48.97,50.21,,,,,,,,,,,,,,,,,,,,,,,,,
02/05/2020,733,8,351,382,76,657,0,655,38,40,,,,,8932,83,6,0,0,6,45,87,,,,,16,0,10,1,6,-1,57,75,,372,17,182,190,337,20,15,,,,,13632,103,57,62,52,4,355,,,,,,,,,,,0.82,50.75,48.43,,,,,,,,,,,,,,,,,,,,,,,,,
03/05/2020,739,6,352,387,79,660,0,661,38,40,,,,,9046,114,6,0,0,6,45,87,,,,,16,0,10,0,6,0,57,75,,386,14,186,200,346,22,18,,,,,13851,219,58,62,53,4,347,,,,,,,,,,,0.81,52.23,46.96,,,,,,,,,,,,,,,,,,,,,,,,,
04/05/2020,742,3,352,390,79,663,0,664,38,40,,,,,9149,103,6,0,0,6,45,87,,,,,17,1,12,2,5,-1,57,75,,399,13,192,207,359,22,18,,,,,13988,137,59,63,54,4,337,,,,,,,,,,,0.81,53.77,45.42,,,,,,,,,,,,,,,,,,,,,,,,,
05/05/2020,755,13,352,403,91,664,0,677,38,40,,,,,9209,60,6,0,0,6,45,87,,,,,17,0,12,0,5,0,57,75,,413,14,202,211,370,22,21,,,,,14121,133,60,63,56,4,336,,,,,,,,,,,0.79,54.70,44.50,,,,,,,,,,,,,,,,,,,,,,,,,
06/05/2020,761,6,356,405,91,670,0,682,38,41,,,,,9412,203,6,0,0,6,45,87,,,,,18,1,13,1,5,0,57,75,,428,15,207,221,385,22,21,,,,,14448,327,61,63,57,4,327,,,,,,,,,,,0.79,56.24,42.97,,,,,,,,,,,,,,,,,,,,,,,,,
07/05/2020,765,4,358,407,92,673,0,686,38,41,,,,,9682,270,6,0,0,6,45,87,,,,,19,1,13,0,6,1,53,75,,445,17,217,228,401,22,22,,,,,15140,692,62,64,57,4,314,,,,,,,,,,,0.78,58.17,41.05,,,,,,,,,,,,,,,,,,,,,,,,,
08/05/2020,773,8,364,409,94,679,0,693,39,41,,,,,10126,444,6,0,0,6,45,87,,,,,21,2,15,2,6,0,53,75,,461,16,227,234,417,22,22,,,,,15810,670,63,65,57,4,306,,,,,,,,,,,0.78,59.64,39.59,,,,,,,,,,,,,,,,,,,,,,,,,
09/05/2020,780,7,367,413,98,682,0,699,40,41,,,,,10568,442,6,0,0,6,45,87,,,,,22,1,16,1,6,0,53,75,,480,19,235,245,435,23,22,,,,,16517,707,64,66,57,4,294,,,,,,,,,,,0.77,61.54,37.69,,,,,,,,,,,,,,,,,,,,,,,,,
10/05/2020,792,12,369,423,106,686,0,709,41,42,,,,,11148,580,6,0,0,6,45,87,,,,,21,-1,15,-1,6,0,53,75,,501,21,243,258,451,26,24,,,,,17170,653,65,68,58,4,285,,,,,,,,,,,0.76,63.26,35.98,,,,,,,,,,,,,,,,,,,,,,,,,
11/05/2020,801,9,373,428,113,688,0,718,41,42,,,,,11259,111,7,1,0,7,45,87,,,,,21,0,15,0,6,0,53,75,,517,16,251,266,464,27,26,,,,,17299,129,66,67,59,5,277,,,,,,,,,,,0.87,64.54,34.58,,,,,,,,,,,,,,,,,,,,,,,,,
12/05/2020,804,3,374,430,113,691,0,720,41,43,,,,,11329,70,7,0,0,7,45,87,,,,,21,0,15,0,6,0,53,75,,520,3,252,268,467,27,26,,,,,17470,171,67,67,59,5,277,,,,,,,,,,,0.87,64.68,34.45,,,,,,,,,,,,,,,,,,,,,,,,,
13/05/2020,815,11,377,438,120,695,0,730,41,44,,,,,11764,435,7,0,0,7,45,87,,,,,20,-1,14,-1,6,0,53,75,,527,7,256,271,473,27,27,,,,,18040,570,68,67,59,5,281,,,,,,,,,,,0.86,64.66,34.48,,,,,,,,,,,,,,,,,,,,,,,,,
14/05/2020,830,15,380,450,128,702,0,744,41,45,,,,,12064,300,8,1,0,8,45,87,,,,,17,-3,13,-1,4,-2,53,75,,535,8,260,275,481,27,27,,,,,18388,348,69,68,59,6,287,,,,,,,,,,,0.96,64.46,34.58,,,,,,,,,,,,,,,,,,,,,,,,,
15/05/2020,843,13,384,459,131,712,0,751,43,49,,,,,12260,196,8,0,0,8,45,87,,,,,18,1,13,0,5,1,53,75,,542,7,263,279,488,27,27,,,,,18655,267,70,68,59,6,293,,,,,,,,,,,0.95,64.29,34.76,,,,,,,,,,,,,,,,,,,,,,,,,
16/05/2020,853,10,387,466,136,717,0,758,43,52,,,,,12915,655,10,2,1,9,45,87,,7,3,0,17,-1,13,0,4,-1,53,75,,551,9,269,282,495,29,27,,,,,19401,746,71,68,59,7,292,,,,,,,,,,,1.17,64.60,34.23,,,,,,,,,,,,,,,,,,,,,,,,,
17/05/2020,863,10,393,470,138,725,0,768,43,52,,,,,13481,566,10,0,1,9,45,87,,7,3,0,17,0,14,1,3,-1,64,76,,565,14,274,291,509,29,27,,,,,20115,714,72,68,59,7,288,,,,,,,,,,,1.16,65.47,33.37,,,,,,,,,,,,,,,,,,,,,,,,,
18/05/2020,866,3,395,471,140,726,0,771,43,52,,,,,13684,203,10,0,1,9,45,87,,7,3,0,17,0,14,0,3,0,64,76,,575,10,280,295,518,30,27,,,,,20352,237,73,68,59,7,281,,,,,,,,,,,1.15,66.40,32.45,,,,,,,,,,,,,,,,,,,,,,,,,
19/05/2020,882,16,405,477,147,735,0,782,45,55,,,,,13806,122,10,0,1,9,45,87,,7,3,0,18,1,13,-1,5,2,55,76,,577,2,281,296,519,30,28,,,,,20741,389,74,68,59,7,295,,,,,,,,,,,1.13,65.42,33.45,,,,,,,,,,,,,,,,,,,,,,,,,
20/05/2020,897,15,414,483,155,742,0,797,45,55,,,,,14225,419,10,0,1,9,45,87,,7,3,0,13,-5,8,-5,5,0,55,76,,582,5,282,300,524,30,28,,,,,21299,558,75,68,59,7,305,,,,,,,,,,,1.11,64.88,34.00,,,,,,,,,,,,,,,,,,,,,,,,,
21/05/2020,903,6,417,486,158,745,0,802,46,55,,,,,14387,162,10,0,1,9,45,87,,7,3,0,12,-1,9,1,3,-2,55,76,,592,10,286,306,533,30,29,,,,,21929,630,76,68,61,7,301,,,,,,,,,,,1.11,65.56,33.33,,,,,,,,,,,,,,,,,,,,,,,,,
22/05/2020,911,8,421,490,160,751,0,807,48,56,,,,,14865,478,10,0,1,9,45,87,,7,3,0,14,2,10,2,4,1,37,66,,600,8,292,308,541,30,29,,,,,22554,625,77,70,61,7,301,,,,,,,,,,,1.10,65.86,33.04,,,,,,,,,,,,,,,,,,,,,,,,,
23/05/2020,918,7,425,493,161,757,0,811,49,58,,,,,15093,228,10,0,1,9,45,87,,7,3,0,15,1,11,1,4,0,27,66,,607,7,294,313,548,30,29,,,,,22910,356,78,70,61,7,301,,,,,,,,,,,1.09,66.12,32.79,,,,,,,,,,,,,,,,,,,,,,,,,
24/05/2020,930,12,432,498,164,766,0,816,50,64,,,,,15491,398,10,0,1,9,45,87,,7,3,0,15,0,12,1,3,-1,29,64,,620,13,301,319,561,30,29,,,,,23378,468,79,70,61,7,300,,,,,,,,,,,1.08,66.67,32.26,,,,,,,,,,,,,,,,,,,,,,,,,
25/05/2020,951,21,444,507,173,778,0,833,51,67,,,,,15627,136,10,0,1,9,45,87,,7,3,0,15,0,13,1,2,-1,55,64,,628,8,306,322,567,30,31,,,,,23580,202,80,70,61,7,313,,,,,,,,,,,1.05,66.04,32.91,,,,,,,,,,,,,,,,,,,,,,,,,
26/05/2020,956,5,446,510,173,783,0,838,51,67,,,,,15747,120,10,0,1,9,45,87,,7,3,0,13,-2,11,-2,2,0,55,64,,634,6,309,325,572,31,31,,,,,23703,123,81,71,61,7,312,,,,,,,,,,,1.05,66.32,32.64,,,,,,,,,,,,,,,,,,,,,,,,,
27/05/2020,984,28,459,525,180,804,0,854,52,78,,0.3,87,,16368,621,10,0,1,9,45,87,,7,3,0,12,-1,10,-1,2,0,55,64,,639,5,311,328,577,31,31,,,,,24438,735,82,71,61,7,335,,,,,,,,,,,1.02,64.94,34.04,46,,,,,,,,,,,,,,,,,,,,,,,,
28/05/2020,1000,16,470,530,183,817,0,867,53,80,,0.3,87,,16726,358,10,0,1,9,45,87,,7,3,0,12,0,10,0,2,0,55,64,,646,7,312,334,583,31,32,,,0.1,86,24897,459,83,72,61,7,344,,,,,,,,,,,1.00,64.60,34.40,46,,,,,,,,,,,,,,,,,,,,,,,,
29/05/2020,1022,22,480,542,192,830,0,883,55,84,,0.3,89,,17244,518,10,0,1,9,45,87,,7,3,0,13,1,11,1,2,0,55,64,,653,7,313,340,589,31,33,,,0.1,86,25503,606,84,72,63,7,359,,,,,,,,,,,0.98,63.89,35.13,46,,,,,,,,,,,,,,,,,,,,,,,,
30/05/2020,1047,25,491,556,206,841,0,905,55,87,,0.3,89,,17686,442,10,0,1,9,45,87,,7,3,0,15,2,11,0,4,2,55,72,,658,5,315,343,592,32,34,,,1,86,26073,570,85,72,63,7,379,,,,,,,,,,,0.96,62.85,36.20,46,,,,,,,,,,,,,,,,,,,,,,,,
31/05/2020,1056,9,495,561,209,847,0,911,56,89,,0.3,89,,18198,512,10,0,1,9,45,87,,7,3,0,16,1,12,1,4,0,55,72,,669,11,322,347,603,32,34,,,1,86,26622,549,86,72,63,7,377,,,,,,,,,,,0.95,63.35,35.70,46,,,,,,,,,,,,,,,,,,,,,,,,
01/06/2020,1084,28,510,574,212,872,0,933,58,93,,0,89,,18431,233,10,0,1,9,45,87,,7,3,0,18,2,13,1,5,1,0,72,,676,7,325,351,610,32,34,,,1,86,26974,352,87,72,64,7,398,,,,,,,,,,,0.92,62.36,36.72,,,,,,,,,,,,,,,,,,,,,,,,,
02/06/2020,1105,21,521,584,217,888,0,951,59,95,,0,89,,18674,243,10,0,1,9,45,87,,7,3,0,19,1,14,1,5,0,0,72,,682,6,328,354,615,32,35,,,1,86,27318,344,88,73,64,7,413,,,,,,,,,,,0.90,61.72,37.38,,,,,,,,,,,,,,,,,,,,,,,,,
03/06/2020,1157,52,542,615,244,913,0,989,60,108,,0,89,,19037,363,10,0,1,9,45,87,,7,3,0,21,2,16,2,5,0,0,72,,685,3,329,356,617,32,36,,,1,86,27882,564,89,74,65,7,462,,,,,,,,,,,0.86,59.20,39.93,,,,,,,,,,,,,,,,,,,,,,,,,
04/06/2020,1194,37,561,633,254,940,0,1017,60,117,,0,89,,19376,339,10,0,1,9,45,87,,7,3,0,24,3,19,3,5,0,0,72,,687,2,330,357,619,32,36,,,1,86,28296,414,90,74,65,7,497,,,,,,,,,,,0.84,57.54,41.62,,,,,,,,,,,,,,,,,,,,,,,,,
05/06/2020,1228,34,576,652,260,968,0,1039,62,127,,0,89,,19785,409,10,0,1,9,45,87,,7,3,0,22,-2,18,-1,4,-1,55,72,,695,8,333,362,626,32,37,,,0,86,28753,457,91,74,65,7,523,,,,,,,,,,,0.81,56.60,42.59,,,,,,,,,,,,,,,,,,,,,,,,,
06/06/2020,1263,35,592,671,272,991,0,1072,62,129,,0,89,,20084,299,10,0,1,9,45,87,,7,3,0,19,-3,16,-2,3,-1,57,72,,701,6,337,364,632,32,37,,,0,86,29140,387,92,74,66,7,552,,,,,,,,,,,0.79,55.50,43.71,,,,,,,,,,,,,,,,,,,,,,,,,
07/06/2020,1318,55,613,705,297,1021,0,1120,64,134,,0,89,,20297,213,10,0,1,9,45,87,,7,3,0,20,1,16,0,4,1,57,72,,704,3,340,364,635,32,37,,,0,86,29449,309,93,74,66,7,604,,,,,,,,,,,0.76,53.41,45.83,,,,,,,,,,,,,,,,,,,,,,,,,
08/06/2020,1342,24,628,714,301,1041,0,1137,66,139,,0,89,,20434,137,10,0,1,9,45,87,,7,3,0,19,-1,14,-2,5,1,57,72,,712,8,343,369,641,33,38,,,0,86,29622,173,94,74,66,7,620,,,,,,,,,,,0.75,53.06,46.20,,,,,,,,,,,,,,,,,,,,,,,,,
09/06/2020,1375,33,643,732,309,1066,0,1159,67,149,,0,89,,20630,196,11,1,2,9,26,87,,7,4,0,21,2,17,3,4,-1,59,72,,717,5,344,373,644,34,39,,,0,86,29877,255,95,74,66,8,647,,,,,,,,,,,0.80,52.15,47.05,,,,,,,,,,,,,,,,,,,,,,,,,
10/06/2020,1461,86,678,783,349,1112,0,1228,69,164,,0,89,,20971,341,12,1,3,9,26,87,,7,5,0,20,-1,17,0,3,-1,59,72,,722,5,345,377,648,35,39,,,0,86,30372,495,96,74,66,9,727,,,,,,,,,,,0.82,49.42,49.76,,,,,,,,,,,,,,,,,,,,,,,,,
11/06/2020,1538,77,710,828,388,1150,0,1287,72,179,,0,92,,21275,304,12,0,3,9,26,87,,7,5,0,20,0,17,0,3,0,59,72,,722,0,345,377,648,35,39,,,0,86,30779,407,97,74,66,9,804,,,,,,,,,,,0.78,46.94,52.28,,,,,,,,,,,,,,,,,,,,,,,,,
12/06/2020,1612,74,744,868,410,1202,0,1340,89,183,,0,92,,21684,409,12,0,3,9,26,87,,7,5,0,20,0,17,0,3,0,59,72,,731,9,350,381,657,35,39,,,0,86,31308,529,98,74,66,9,869,,,,,,,,,,,0.74,45.35,53.91,,,,,,,,,,,,,,,,,,,,,,,,,
13/06/2020,1662,50,762,900,415,1247,0,1374,90,198,,0,92,,22144,460,12,0,3,9,26,87,,7,5,0,19,-1,16,-1,3,0,59,72,,743,12,356,387,667,36,40,,,0,86,31838,530,99,74,66,9,907,,,,,,,,,,,0.72,44.71,54.57,,,,,,,,,,,,,,,,,,,,,,,,,
14/06/2020,1715,53,787,928,437,1278,0,1407,90,218,,0,92,,22399,255,12,0,3,9,26,87,,7,5,0,17,-2,14,-2,3,0,59,72,,752,9,361,391,675,36,41,,,0,86,32262,424,100,76,66,9,951,,,,,,,,,,,0.70,43.85,55.45,,,,,,,,,,,,,,,,,,,,,,,,,
15/06/2020,1744,29,800,944,447,1297,0,1428,91,225,,0,92,,22607,208,12,0,3,9,26,87,,7,5,0,19,2,15,1,4,1,43,72,,771,19,367,404,687,36,48,,,0,86,32510,248,101,76,67,9,961,,,,,,,,,,,0.69,44.21,55.10,,,,,,,,,,,,,,,,,,,,,,,,,
16/06/2020,1796,52,818,978,459,1337,0,1460,91,245,,0,92,,22833,226,12,0,3,9,26,87,,7,5,0,20,1,18,3,2,-2,43,59,,794,23,387,407,698,40,56,,,0,92,32801,291,102,77,68,9,990,,,,,,,,,,,0.67,44.21,55.12,,,,,,,,,,,,,,,,,,,,,,,,,
17/06/2020,1871,75,838,1033,486,1385,0,1523,93,255,,0,92,,23209,376,12,0,3,9,26,87,,7,5,0,22,2,19,1,3,1,27,59,,899,105,432,467,788,43,68,,,0,92,33282,481,103,78,71,9,960,,,,,,,,,,,0.64,48.05,51.31,,,,,,,,,,,,,,,,,,,,,,,,,
18/06/2020,1939,68,864,1075,504,1435,0,1578,97,264,,0,92,,23588,379,12,0,3,9,26,87,,7,5,0,25,3,22,3,3,0,27,59,,937,38,457,480,814,45,78,,,0,92,33780,498,104,78,72,9,990,,399,591,766,38,186,,0,,92,0.62,48.32,51.06,,,,,,,,,,,,,,,,,,,,,,,,,
19/06/2020,2058,119,915,1143,521,1489,48,1678,97,283,,0,94,39.1,24098,510,12,0,3,9,26,87,65.2,7,5,0,29,4,24,2,5,2,27,61,55.5,982,45,471,511,847,47,88,,39.9,0,92,34477,697,105,77,73,9,1064,,441,623,826,43,195,,0,37.6,94,0.58,47.72,51.70,,1,3,0,20,2,1,2,0,,,,,,,,,,,,,,,,
20/06/2020,2127,69,944,1183,574,1553,0,1734,100,293,,0,94,34.6,24486,388,12,0,3,9,26,87,65.2,5,7,0,27,1,22,1,5,0,27,61,56.5,1014,32,483,531,876,48,90,,40.8,0,92,34931,456,106,77,74,9,1101,,456,645,852,45,204,,0,39.2,94,0.56,47.67,51.76,,1,3,0,18,2,1,2,0,,,,,,,,,,,,,,,,
21/06/2020,2213,86,979,1234,599,1614,0,1792,103,318,,0,94,34.4,24791,305,12,0,3,9,26,87,65.2,5,7,0,26,1,22,1,4,-1,7,61,58.6,1032,18,492,540,891,49,92,,36.1,0,92,35369,438,107,77,74,9,1169,68,484,685,896,47,226,,0,32.4,94,0.54,46.63,52.82,,0,3,0,18,2,1,2,0,,,,,,,,,,,,,,,,
22/06/2020,2277,64,1006,1271,617,1660,0,1839,108,330,,0,94,34.4,24971,180,12,0,3,9,26,87,65.2,5,7,0,28,2,24,2,4,0,27,61,58.9,1043,11,500,543,898,49,96,,36.1,0,92,35225,180,108,77,74,9,1222,53,503,719,936,52,234,,0,32.9,94,0.53,45.81,53.67,,0,3,0,20,2,1,2,0,,,,,,,,,,,,,,,,
23/06/2020,2368,91,1049,1319,652,1716,2,1911,110,347,,0,94,34.3,25323,352,12,0,3,9,26,87,65.2,5,7,0,30,2,27,3,3,-1,27,61,57,1129,86,540,589,962,52,115,,35.6,0,92,36135,510,109,78,74,9,1227,5,506,721,944,51,232,,0,32.7,94,0.51,47.68,51.82,,0,3,0,19,2,1,1,2,0,1,0,1,,,,,,,,,,,,
24/06/2020,2515,147,1123,1392,693,1822,0,1959,114,371,71,0,94,34.3,25797,474,12,0,3,9,26,87,65.2,5,7,0,30,3,25,1,5,2,43,61,56.7,1210,81,575,635,1008,54,137,11,35.1,0,92,36765,630,110,78,74,9,1293,66,445,748,946,53,234,60,0,35.1,94,0.48,48.11,51.41,,1,3,0,18,3,1,1,2,0,1,0,1,,,,,,,,,,,,
25/06/2020,2684,169,1201,1483,716,1968,0,2077,122,414,71,0,94,34.3,26331,534,12,0,3,9,26,87,65.2,5,7,0,29,2,23,1,6,1,43,78,59.5,1227,17,583,644,1021,56,139,11,35.1,0,92,37645,880,111,79,75,9,1445,152,615,830,1051,59,275,60,0,35.1,94,0.45,45.72,53.84,,2,2,0,17,3,1,1,2,0,0,0,1,,,,,,,,,,,,
26/06/2020,2836,152,1253,1583,763,2073,0,2186,136,438,76,0,94,34.3,26866,535,12,0,3,9,26,87,65.2,5,7,0,36,7,30,7,6,0,43,78,58.6,1280,53,602,673,1067,57,145,11,35.1,0,92,38500,855,112,79,75,9,1544,99,648,896,1114,72,293,65,0,33,94,0.42,45.13,54.44,,2,3,0,22,3,1,1,2,0,0,0,2,,,,,,,,,,,,
27/06/2020,2979,143,1313,1666,793,2182,4,2326,140,442,71,0,94,34.3,27613,747,13,1,4,9,26,87,67.9,5,8,0,36,3,31,3,5,-1,43,61,57.2,1325,45,620,705,1102,60,152,11,35.2,0,92,39460,960,113,79,75,10,1641,97,689,952,1219,72,290,60,0,34.1,94,0.44,44.48,55.09,,2,4,0,23,2,1,1,2,0,0,0,1,,,,,,,,,,,,
28/06/2020,3130,151,1371,1759,850,2280,0,2428,150,471,81,0,94,34.3,28205,592,15,2,6,9,26,87,67.8,6,9,0,37,4,34,4,3,-2,43,56,58.8,1366,41,637,729,1128,61,166,11,34.9,0,92,40319,859,114,79,75,12,1749,108,728,1021,1294,80,305,70,0,33.3,94,0.48,43.64,55.88,,1,6,0,24,2,1,0,1,0,0,0,2,,,,,,,,,,,,
29/06/2020,3269,139,1425,1844,899,2370,0,2546,159,481,83,0,94,34.4,28757,552,15,0,6,9,26,87,67.8,6,9,0,40,3,36,2,4,1,43,68,56.7,1394,28,646,748,1147,62,174,11,34.8,0,92,41077,758,115,79,75,12,1860,111,773,1087,1393,88,307,72,0,33.5,94,0.46,42.64,56.90,,1,7,0,26,2,1,1,1,0,0,0,1,,,,,,,,,,,,
30/06/2020,3459,190,1503,1956,966,2493,0,2697,167,512,83,0,94,34.4,29161,404,16,1,7,9,26,89,69.2,6,10,0,44,9,39,9,5,1,43,76,56.2,1436,42,663,773,1180,64,181,11,34.7,0,92,41680,603,116,79,75,12,2007,147,833,1174,1511,93,331,72,0,33.9,94,0.46,41.51,58.02,,2,5,0,30,2,1,1,2,0,0,0,1,,,,,,,,,,,,
01/07/2020,3753,294,1624,2129,1085,2668,0,2942,182,540,89,0,96,34.5,29720,559,16,0,7,9,26,89,69.2,6,10,0,44,13,50,11,6,1,38,76,54.3,1516,80,698,818,1231,68,199,18,34.4,0,92,42589,909,117,79,76,12,2221,214,919,1302,1705,104,341,71,0,34.6,96,0.43,40.39,59.18,,1,8,0,39,3,0,2,3,0,0,0,0,,,,,,,,,,,,
02/07/2020,4023,270,1721,2302,1175,2848,0,3162,191,580,90,0,96,34.4,30709,989,17,1,8,9,26,89,69.2,6,11,0,60,10,54,10,6,0,38,76,53.5,1589,73,713,876,1262,68,210,49,34.2,0,92,43865,1276,118,79,76,12,2417,196,1000,1417,1894,112,370,41,0,34.3,96,0.42,39.50,60.08,,1,5,0,43,3,0,2,5,0,0,0,0,0,0,,,,,,,,,,
03/07/2020,4311,288,1846,2465,1250,3061,0,3398,207,616,90,0,96,34.5,31354,645,18,1,9,9,26,89,67.5,7,11,0,73,13,63,14,10,4,40,76,54.7,1657,68,752,905,1312,72,224,49,34.3,0,94,44917,1052,119,79,76,12,2636,219,1085,1551,2079,124,392,41,0,34.5,96,0.42,38.44,61.15,,3,4,0,52,5,3,2,1,0,0,0,1,0,1,0,1,,,,,,,,
04/07/2020,4621,310,1946,2675,1346,3275,0,3652,220,662,87,0,96,34.4,32042,688,18,0,9,9,26,89,67.5,7,11,0,73,10,63,10,10,0,40,76,55.1,1721,64,779,942,1356,75,241,49,34.3,0,94,45945,1028,120,79,77,12,2882,246,1158,1724,2289,134,421,38,0,34.3,96,0.39,37.24,62.37,,3,5,0,50,5,0,2,4,0,0,0,2,0,1,0,0,0,1,,,,,,
05/07/2020,4996,375,2116,2880,1453,3543,0,3946,233,730,87,0,96,34.3,32864,822,19,1,9,10,26,89,67.5,8,11,0,77,12,67,12,10,0,40,76,57.6,1745,24,792,953,1374,76,246,49,34.3,0,94,47160,1215,121,79,77,12,3232,350,1315,1917,2564,146,484,38,0,34.3,96,0.38,34.93,64.69,,3,8,0,52,5,1,2,4,0,1,0,0,0,0,0,0,0,1,,,,,,
06/07/2020,5241,245,2230,3011,1536,3705,0,4142,245,765,89,0,96,34.3,33619,755,23,4,10,13,26,92,63.3,10,13,0,88,11,79,14,9,-1,40,76,56,1766,21,801,965,1388,76,252,50,34.2,0,94,48487,1021,122,79,77,15,3452,220,1419,2033,2744,156,513,39,0,34.2,96,0.44,33.70,65.87,,3,11,0,60,4,1,2,4,0,1,0,0,0,0,0,0,0,1,0,1,,,,
07/07/2020,5486,245,2339,3147,1603,3883,0,2915,262,784,89,0,96,34.5,34596,977,23,0,10,13,26,92,63.3,10,13,0,107,19,96,12,11,2,40,76,55.9,1810,44,822,988,1426,78,255,51,34.2,0,94,49717,1230,123,79,78,15,3653,201,1507,2146,2915,171,529,38,0,34.5,96,0.42,32.99,66.59,,4,15,0,71,4,2,3,4,0,1,0,0,0,0,0,0,0,1,0,0,0,1,0,1
08/07/2020,5836,350,2476,3360,1706,4130,0,4661,276,807,92,0,96,34.7,35374,778,24,1,10,14,26,92,67.1,11,13,0,113,6,102,11,11,0,49,76,51.9,1929,119,871,1058,1517,81,278,53,34.1,0,94,50852,1135,124,79,79,15,3883,230,1595,2288,3133,182,529,39,0,34.9,96,0.41,33.05,66.54,,4,19,0,73,5,1,2,4,0,1,0,0,0,0,0,1,0,1,0,0,0,1,0,1
09/07/2020,6485,649,2769,3716,1888,4597,0,5214,306,873,92,0,96,34.9,36475,1101,25,1,10,15,26,92,67.6,11,14,0,120,7,106,14,14,3,43,82,55.6,2023,94,908,1115,1585,85,299,54,34,0,95,52775,1923,125,79,79,16,4437,554,1851,2586,3618,207,574,38,0,34.9,96,0.39,31.20,68.42,,7,24,0,73,5,0,2,6,0,1,0,0,0,0,0,0,0,1,0,1,0,0,0,0
,,,,,,,,,,,,,,,,,,,,,,,,,,,,,,,,,,,,,,,,,,,,,,,,,,,,,,,,,,,,,,,,,,,,,,,,,,,,,,,,,,,,,,,,,,,
,,,,,,,,,,,,,,,,,,,,,,,,,,,,,,,,,,,,,,,,,,,,,,,,,,,,,,,,,,,,,,,,,,,,,,,,,,,,,,,,,,,,,,,,,,,
,,,,,,,,,,,,,,,,,,,,,,,,,,,,,,,,,,,,,,,,,,,,,,,,,,,,,,,,,,,,,,,,,,,,,,,,,,,,,,,,,,,,,,,,,,,
,,,,,,,,,,,,,,,,,,,,,,,,,,,,,,,,,,,,,,,,,,,,,,,,,,,,,,,,,,,,,,,,,,,,,,,,,,,,,,,,,,,,,,,,,,,
,,,,,,,,,,,,,,,,,,,,,,,,,,,,,,,,,,,,,,,,,,,,,,,,,,,,,,,,,,,,,,,,,,,,,,,,,,,,,,,,,,,,,,,,,,,
,,,,,,,,,,,,,,,,,,,,,,,,,,,,,,,,,,,,,,,,,,,,,,,,,,,,,,,,,,,,,,,,,,,,,,,,,,,,,,,,,,,,,,,,,,,
,,,,,,,,,,,,,,,,,,,,,,,,,,,,,,,,,,,,,,,,,,,,,,,,,,,,,,,,,,,,,,,,,,,,,,,,,,,,,,,,,,,,,,,,,,,
,,,,,,,,,,,,,,,,,,,,,,,,,,,,,,,,,,,,,,,,,,,,,,,,,,,,,,,,,,,,,,,,,,,,,,,,,,,,,,,,,,,,,,,,,,,
,,,,,,,,,,,,,,,,,,,,,,,,,,,,,,,,,,,,,,,,,,,,,,,,,,,,,,,,,,,,,,,,,,,,,,,,,,,,,,,,,,,,,,,,,,,
,,,,,,,,,,,,,,,,,,,,,,,,,,,,,,,,,,,,,,,,,,,,,,,,,,,,,,,,,,,,,,,,,,,,,,,,,,,,,,,,,,,,,,,,,,,
,,,,,,,,,,,,,,,,,,,,,,,,,,,,,,,,,,,,,,,,,,,,,,,,,,,,,,,,,,,,,,,,,,,,,,,,,,,,,,,,,,,,,,,,,,,
,,,,,,,,,,,,,,,,,,,,,,,,,,,,,,,,,,,,,,,,,,,,,,,,,,,,,,,,,,,,,,,,,,,,,,,,,,,,,,,,,,,,,,,,,,,
,,,,,,,,,,,,,,,,,,,,,,,,,,,,,,,,,,,,,,,,,,,,,,,,,,,,,,,,,,,,,,,,,,,,,,,,,,,,,,,,,,,,,,,,,,,